ID,Branch Name,Tier,Address,Telephone ,Postal Code,FSA,NBHD Number,NBHD Name,Ward Number,Ward Region,Population,Comp_Learn_Ctr,Dig_Innov_Hubs,NIA,NIA_Branch,Programs_Cultural_2015,Attendance_Cultural_2015,Programs_ESL_2015,Attendance_ESL_2015,Program_Info_Current_Issues_2015,Attendance_Info_Current_Issues_2015,Programs_Literacy_2015,Attendance_Literacy_2015,Programs_Literary_2015,Attendance_Literary_2015,Programs_User_Ed_2015,Attendance_User_Ed_2015,Programs_Cultural_2014,Attendance_Cultural_2014,Programs_ESL_2014,Attendance_ESL_2014,Programs_Info_Current_Issues_2014,Attendance_Info_Current_Issues_2014,Programs_Literacy_2014,Attendance_Literacy_2014,Programs_Literary_2014,Attendance_Literary_2014,Programs_User_Ed_2014,Attendance_User_Ed_2014,Workstations,WS_Users_2015,WS_Users_2014,WS_Users_2013,visits_2015,visits_2014,visits_2013,circulation_2015,circulation_2014,circulation_2013,collection_size,Youth_Hub,census_population,NPS_population,citizens,non_citizens,recent_immigrants,visible_minority,non_official_languages,in_labour_force,employed,unemployed,not_in_labour_force,low_income
WP,Woodview Park,NL,16 Bradstock Rd,(416) 395-5960,M9M 1M8,M9M,22,Humbermede ,7,York West,9800,False,False,True,True,15,309,,,11,405,12,87,153,3310,2,110,9,327,,,10,242,12,123,81,1351,,,7,21425,19200,16737.5,41450,37725,30575,77281,79759,87524,20889,False,9800.0,9785.0,8750.0,1020.0,530.0,4980.0,5555.0,4900.0,4380.0,520.0,3090.0,1520.0
YO,Yorkville,NL,22 Yorkville Ave,(416) 393-7660,M4W 1L4,M4W,95,Annex ,27,Toronto Centre-Rosedale ,46077,False,False,False,False,141,2877,,,26,509,,,237,4996,15,70,34,944,,,8,192,,,157,2677,10,29,7,32312.5,32850,32475,157850,177012.5,191050,319571,324428,325299,63434,False,46077.0,44315.0,36470.0,7855.0,3670.0,15000.0,19770.0,29005.0,26670.0,2335.0,13040.0,11405.0
TOD,Todmorden Room,NL,1081ï¿½ Pape Ave ,(416) 396-3875,M4K 3W6,M4K,58,Old East York ,29,Toronto-Danforth ,20215,False,False,False,False,,,,,,,,,,,,,,,,,,,,,,,,,2,5437.5,6225,3300,28400,25937.5,17500,59787,56161,57785,7844,False,20215.0,20070.0,18070.0,2000.0,1430.0,5165.0,10210.0,11430.0,10375.0,1060.0,5885.0,4210.0
ND,Northern District,DL ,40 Orchard View Blvd,(416) 393-7610,M4R 1B9,M4R,100,Yonge-Eglinton,16,Eglinton-Lawrence ,30634,True,False,False,False,170,3600,,,91,1933,12,499,206,4771,3,57,96,2051,,,51,1872,12,466,182,4653,2,12,25,112234.5,106576.5,117776.5,306319,299729,328400,453583,464453,492887,125597,False,30634.0,30645.0,27125.0,3520.0,2120.0,6855.0,10735.0,19820.0,18455.0,1365.0,7175.0,4450.0
AB,Albion,DL,1515 Albion Rd,(416) 394-5170,M9V 1B2,M9V,2,Mount Olive-Silverstone-Jamestown,1,Etobicoke North,48697,True,False,True,True,301,8422,39,192,131,3852,12,802,395,9560,82,971,292,6982,41,244,65,2448,10,574,304,6908,84,701,28,142186.5,142159,139401.5,194587,401819,432525,353764,398248,466776,116372,False,48697.0,48540.0,38190.0,10345.0,7435.0,39340.0,31935.0,22435.0,19450.0,2980.0,15225.0,11195.0
PM,Palmerston,NL,560 Palmerston Ave,(416) 393-7680,M6G 2P7,M6G,95,Annex,20,Trinity-Spadina ,8040,False,False,False,False,80,2047,,,21,503,,,134,2847,9,233,40,1333,,,20,648,,,116,3015,1,7,6,18800,19987.5,20862.5,93587.5,109425,115625,215454,218377,222670,33551,False,8040.0,7615.0,6985.0,630.0,230.0,1550.0,3085.0,5030.0,4555.0,480.0,1705.0,1020.0
PA,Pape Danforth,DL ,701 Pape Ave,(416) 393-7727,M4K 3S6,M4K,69,Blake-Jones ,30,Toronto-Danforth ,26128,False,False,False,False,71,1740,87,810,88,1640,10,141,238,5414,2,7,63,2040,86,653,39,560,10,354,248,5925,13,77,14,75403.5,71899,72263,229683,239356.5,257275,425823,424425,437861,57394,False,26128.0,25890.0,24195.0,1695.0,805.0,7170.0,9785.0,14670.0,13450.0,1215.0,7340.0,4565.0
DT,Davenport,NL,1246 Shaw St,(416) 393-7732,M6G 3P1,M6G,94,Wychwood ,21,St. Paul's ,9792,False,False,False,False,12,501,,,28,661,12,247,64,1518,3,6,10,251,,,5,112,12,253,65,1344,,,3,6687.5,7150,7000,39975,42150,39262.5,126743,120646,120435,11718,False,9792.0,9115.0,8300.0,820.0,405.0,2595.0,4490.0,5025.0,4715.0,305.0,2785.0,1640.0
NE,Northern Elms,NL,"123 B Rexdale Blvd, Unit 5",(416) 394-5230,M9W 1P1,M9W,1,West Humber-Clairville,2,Etobicoke North ,16453,False,False,False,True,67,391,7,9,5,136,,,102,1663,2,76,84,719,,,7,78,,,38,294,,,5,11325,12937.5,13700,35162.5,34300,41187.5,83841,89817,95443,25978,False,16453.0,16440.0,14450.0,2000.0,1265.0,8650.0,8895.0,8100.0,7135.0,965.0,5140.0,3070.0
EG,Evelyn Gregory,NL,120 Trowell Ave,(416) 394-1006,M6M 1L7,M6M,110,Keelesdale-Eglinton West,12,York South-Weston ,18116,False,False,True,True,62,1192,,,22,318,,,124,2767,3,40,64,1716,,,8,103,3,25,195,4202,1,6,11,34325,33350,29787.5,52900,56200,60925,81207,83330,82785,37672,False,18116.0,18105.0,14510.0,3595.0,1610.0,7850.0,11680.0,9505.0,8510.0,1010.0,5505.0,3830.0
RI,Richview,DL ,1806 Islington Ave,(416) 394-5120,M9P 3N3,M9P,7,Willowridge-Martingrove-Richview,4,Etobicoke Centre ,79789,True,False,False,True,218,6180,28,232,132,4659,9,346,212,9331,52,326,87,2300,24,268,138,4827,10,282,121,2817,72,828,49,113426,120461,118823,422923,553672.5,409390,623078,599169,669746,156662,False,79789.0,78820.0,70900.0,7925.0,4775.0,26950.0,43140.0,38810.0,35600.0,3205.0,26700.0,12475.0
HIL,Hillcrest,NL,5801 Leslie St,(416) 395-5830,M2H 1J8,M2H,48,Hillcrest Village ,24,Willowdale ,30664,False,False,False,False,63,546,,,73,1292,,,34,767,5,82,9,288,33,322,23,525,,,43,998,,,12,31550,31087.5,55275,108500,128975,222062.5,340458,363547,468119,46881,False,30664.0,30075.0,25870.0,4210.0,2245.0,21020.0,21760.0,14650.0,13220.0,1435.0,11690.0,5355.0
AN,Annette Street,NL,145 Annette St.,(416) 393-7692,M6P 1P3,M6P,90,Junction Area ,13,Parkdale-High Park,10147,False,False,False,False,114,2295,,,37,1234,12,330,278,6574,3,77,89,1711,1,21,52,927,9,194,202,5081,,,11,34037.5,28629,30395.5,117375,95262.5,79654.5,221150,192175,212282,31063,False,10147.0,7430.0,6975.0,460.0,245.0,1330.0,2290.0,4840.0,4465.0,375.0,1480.0,845.0
DM,Don Mills,DL ,888 Lawrence Ave E,(416) 395-5710,M3C 1P6,M3C,42,Banbury-Don Mills ,25,Don Valley West ,37844,False,False,False,False,126,2525,,,131,4178,,,172,4885,33,235,68,2108,3,94,147,3917,,,126,3961,8,87,24,86525,85624,81803.5,267097,280150.5,239837.5,627900,600651,630135,115216,False,37844.0,37450.0,32700.0,4760.0,2945.0,16700.0,19380.0,19500.0,18190.0,1325.0,12355.0,5045.0
AP,Amesbury Park,NL,1565 Lawrence Ave W,(416) 395-5420,M6L 1A8,M6L,30,Brookhaven-Amesbury ,12,York South-Weston,23120,False,False,False,True,61,1595,,,12,394,,,96,2497,,,32,937,,,31,636,,,106,2756,,,6,16300,18550,17787.5,51312.5,56312.5,53300,120983,141236,151191,32992,False,23120.0,22795.0,19225.0,3570.0,1870.0,15045.0,13380.0,11050.0,9880.0,1170.0,6955.0,5495.0
HS,Humber Summit,NL,2990 Islington Ave,(416) 395-5840,M9L 2K6,M9L,21,Humber Summit,7,York West ,22882,False,False,True,True,60,764,,,52,1126,8,55,124,1368,41,486,27,892,,,42,2682,8,71,191,3714,6,10,6,27700,31212.5,30800,46887.5,49412.5,48262.5,73816,78459,89453,22724,False,22882.0,22850.0,18740.0,4115.0,2550.0,15925.0,16430.0,10820.0,9460.0,1345.0,7590.0,4425.0
BY,Bayview,NL,2901 Bayview Ave ,(416) 395-5460,M2K 1E6,M2K,52,Bayview Village ,24,Willowdale,47532,False,False,False,False,1,60,,,2,6,,,49,1089,2,27,13,607,,,5,62,,,6,51,,,6,19505,23452,25243,171554.5,146696.5,205212.5,374989,452867,499535,50556,False,47532.0,47265.0,38670.0,8610.0,5415.0,26615.0,29925.0,26715.0,24525.0,2190.0,14695.0,8000.0
HC,Highland Creek,NL,3550 Ellesmere Rd,(416) 396-8876,M1C 3Z2,M1C,134,Highland Creek ,44,Scarborough East ,24372,False,False,False,False,46,1092,,,6,196,12,301,104,2851,4,18,23,1045,,,33,1076,11,340,137,4826,,,9,21837.5,24712.5,22512.5,69712.5,81537.5,60375,179144,192057,204248,40546,False,24372.0,23990.0,22305.0,1675.0,1015.0,17550.0,10265.0,13410.0,12130.0,1285.0,7025.0,2650.0
RX,Rexdale,NL,2243 Kipling Ave,(416) 394-5200,M9W 4L5,M9W,4,Rexdale-Kipling,2,Etobicoke North ,19291,False,False,False,True,73,933,,,33,385,,,147,3054,,,123,1392,,,37,466,,,131,2291,,,6,20062.5,18875,18937.5,53825,51612.5,46325,82560,80646,92390,30180,False,19291.0,18360.0,15810.0,2550.0,1315.0,12335.0,11195.0,9900.0,8975.0,925.0,5445.0,2410.0
RN,Runnymede,NL,2178 Bloor St W,(416) 393-7697,M6S 1M8,M6S,88,High Park North,13,Parkdale-High Park,11299,False,False,False,False,38,1499,,,43,1145,,,198,6019,17,54,76,1943,,,25,701,,,156,5168,24,85,13,65662.5,68212.5,67212.5,473487.5,364787.5,283237.5,462269,448648,457819,58286,False,11299.0,11095.0,10625.0,470.0,160.0,1745.0,3505.0,6475.0,6075.0,400.0,2720.0,880.0
HW,Humberwood,NL,850 Humberwood Blvd,(416) 394-5210,M9W 7A6,M9W,1,West Humber-Clairville,2,Etobicoke North ,12623,False,False,False,False,161,3696,36,212,91,1742,12,118,226,5307,,,245,7078,49,308,145,2946,10,132,255,5279,1,8,7,21575,34175,36037.5,109812.5,161325,212737.5,82685,90607,101325,39945,False,12623.0,12380.0,10520.0,1850.0,980.0,10550.0,7325.0,6565.0,5820.0,750.0,3765.0,2160.0
PV,Pleasant View,NL,575 Van Horne Ave,(416) 395-5940,M2J 4S8,M2J,46,Pleasant View,33,Don Valley East ,12564,False,False,False,False,21,618,146,2378,4,69,,,59,1541,1,26,9,268,63,2487,24,547,8,169,51,1232,2,32,8,22487.5,22737.5,41325,74637.5,100387.5,186250,211842,238752,364392,31030,False,12564.0,12555.0,10600.0,1950.0,1180.0,7650.0,9005.0,6420.0,5825.0,595.0,4375.0,1835.0
BF,Barbara Frum,DL ,20 Covington Rd,(416) 395-5440,M6A 3C1,M6A,32,Englemount-Lawrence ,15,Eglinton-Lawrence,62399,True,False,False,False,179,3946,,,148,2888,,,339,7184,49,481,145,4791,14,110,131,1896,4,81,301,6435,5,5,29,131127,120550.5,112745,264647,356076.5,364175,583455,585103,613282,128094,False,62399.0,60485.0,51050.0,9440.0,5780.0,21315.0,33425.0,30490.0,28035.0,2440.0,17930.0,10510.0
MS,Morningside,NL,4279 Lawrence Ave E,(416) 396-8881,M1E 2S8,M1E,136,West Hill ,44,Scarborough East ,26547,False,False,True,True,39,992,,,69,1500,12,238,97,1400,1,33,35,842,,,85,1553,12,353,100,1461,,,10,42362.5,41362.5,39950,91162.5,124575,135475,183685,189655,216544,42946,False,26547.0,26255.0,23300.0,2955.0,2080.0,15835.0,10475.0,12435.0,10755.0,1675.0,9005.0,6430.0
KE,Kennedy Eglinton,NL,2380 Eglinton Ave E,(416) 396-8924,M1K 2P3,M1K,125,Ionview ,37,Scarborough Centre ,24421,False,False,True,True,73,1279,,,61,1028,,,116,2785,23,584,69,944,,,90,2469,,,104,2543,1,40,14,37925,39187.5,38200,110675,106837.5,117337.5,188001,194291,214023,32752,False,24421.0,24385.0,20740.0,3645.0,2590.0,17075.0,14595.0,11800.0,10260.0,1545.0,8285.0,5935.0
FO,Fort York,NL,190 Fort York Blvd,(416) 393-6240,M5V 0E7 ,M5V,77,Waterfront Communities-The Island,20,Trinity and Spadina,26514,False,True,False,False,46,1282,,,46,571,,,205,6843,179,1970,41,1434,,,30,714,,,91,3426,98,1366,12,49512.5,24150,,180200,96612.5,,219431,132189,,35376,False,26514.0,26420.0,22580.0,3850.0,2030.0,10495.0,11595.0,21265.0,20120.0,1155.0,3880.0,3955.0
SL,St. Lawrence,NL,171 Front St E,(416) 393-7655,M5A 4H3,M5A,77,Waterfront Communities-The Island,28,Toronto Centre-Rosedale ,17484,False,False,False,False,26,696,,,6,203,,,141,2561,,,13,300,,,17,397,,,175,3325,,,7,22051,25687.5,26075,103806,110737.5,114900,192194,219081,219240,28597,False,17484.0,17440.0,15490.0,1955.0,1065.0,7415.0,7525.0,12065.0,11460.0,615.0,3960.0,3195.0
CC,Cliffcrest,NL,3017 Kingston Rd,(416) 396-8916,M1M 1P1,M1M,123,Cliffcrest ,36,Scarborough Southwest,15703,False,False,False,True,87,1620,,,6,140,,,136,2305,1,11,86,1675,,,6,74,,,129,2174,1,10,8,18637.5,18737.5,17750,79300,80175,80800,173302,174901,193420,29030,False,15703.0,15500.0,14355.0,1150.0,635.0,5540.0,5375.0,7910.0,7190.0,720.0,4975.0,2675.0
BRW,Bridlewood,NL,2900 Warden Ave ,(416) 396-8960,M1W 2S8,M1W,117,L'Amoreaux,39,Scarborough-Agincourt,39671,False,False,False,False,89,3079,46,714,180,2454,22,1252,136,3681,31,263,63,2303,55,533,169,2173,,,162,4703,7,51,7,41462.5,42087.5,43375,380100,420962.5,399650,449199,493792,522544,62310,False,39671.0,39310.0,32610.0,6700.0,3825.0,29975.0,28695.0,19310.0,17260.0,2030.0,14180.0,8165.0
FP,Flemingdon Park,NL,29 St. Dennis Dr ,(416) 395-5820,M3C 3J3,M3C,44,Flemingdon Park ,26,Don Valley West ,22168,False,False,True,True,102,2382,66,561,59,722,12,499,112,2103,4,70,130,2116,32,409,56,690,12,521,89,2355,1,3,15,50387.5,51996.5,59210.5,191337.5,146247,150362.5,148828,153730,173555,37208,False,22168.0,22150.0,17540.0,4625.0,3050.0,17110.0,17025.0,10370.0,8790.0,1590.0,7330.0,6750.0
SJ,St. James Town,NL,495 Sherbourne St,(416) 393-7744,M4X 1K7,M4X,74,North St. James Town ,28,Toronto Centre-Rosedale ,27541,False,False,False,False,139,1278,49,346,2,18,12,596,99,2012,2,50,142,893,78,457,8,273,12,801,189,3705,,,18,57375,65037.5,62200,177062.5,182787.5,192962.5,258692,281753,297168,52878,False,27541.0,26625.0,20715.0,5910.0,3990.0,14010.0,14070.0,16145.0,14570.0,1580.0,7490.0,8620.0
TH,Thorncliffe,NL,48 Thorncliffe Park Dr,(416) 396-3865,M4H 1J7,M4H,55,Thorncliffe Park ,26,Don Valley West ,19225,False,False,True,True,60,2894,61,598,46,788,12,588,112,1991,3,47,84,1757,98,688,37,380,12,629,118,1841,1,6,20,79150,89775,88100,189550,194912.5,203337.5,192845,204845,231256,46444,False,19225.0,19105.0,13790.0,5305.0,4165.0,14780.0,15015.0,7985.0,6735.0,1255.0,6055.0,7470.0
BR,Brentwood,DL ,36 Brentwood Rd N,(416) 394-5240,M8X 2B5,M8X,15,Kingsway South ,5,Etobicoke- Lakeshore,33138,True,False,False,False,231,3363,167,1737,160,2290,,,309,9010,119,916,117,2867,39,290,121,1898,1,30,199,5678,85,639,35,84937,83068.5,84402.5,232857,234008,247650,411129,405961,420090,80307,False,33138.0,32810.0,29555.0,3265.0,2195.0,7945.0,14495.0,18075.0,16880.0,1180.0,9800.0,3690.0
PE,Perth Dupont,NL,1589 Dupont St,(416) 393-7677,M6P 3S5,M6P,93,Dovercourt-Wallace Emerson-Junction,18,Davenport,22092,False,False,False,False,122,2421,,,36,612,10,155,106,3033,,,100,1970,8,240,51,1002,12,134,94,2850,2,2,3,8112.5,10062.5,9637.5,34937.5,43837.5,40100,91381,91155,87564,18976,False,22092.0,22000.0,18925.0,3070.0,1755.0,6610.0,11710.0,13855.0,12690.0,1170.0,5420.0,4240.0
MCG,McGregor Park,NL,2219 Lawrence Ave E,(416) 396-8935,M1P 2P5,M1P,126,Dorset Park  ,37,Scarborough Centre ,19570,False,False,False,False,39,691,,,74,1661,,,265,6241,11,213,27,509,,,54,898,,,301,7743,21,64,14,42142,44396,44722.5,125176.5,123663,128400,217638,234554,256023,39951,False,19570.0,19345.0,17335.0,2015.0,1395.0,11410.0,11395.0,9825.0,8825.0,1005.0,6220.0,3210.0
HP,High Park,NL,228 Roncesvalles Ave,(416) 393-7671,M6R 2L7,M6R,87,High Park-Swansea ,14,Parkdale-High Park ,27394,False,False,False,False,16,539,,,8,251,,,254,7678,,,14,586,,,3,33,,,229,5545,,,9,43475,44950,41600,185787.5,194450,235162.5,327969,334554,347145,46745,False,27394.0,26690.0,24140.0,2560.0,1390.0,6075.0,11145.0,16155.0,15050.0,1120.0,6240.0,4785.0
LO,Locke,NL,3083 Yonge St,(416) 393-7730,M4N 2K7,M4N,103,Lawrence Park South,25,Don Valley West ,24344,False,False,False,False,42,1637,,,54,1201,,,241,7184,1,29,46,1870,,,36,764,6,142,239,6906,,,9,42075,40625,40425,169262.5,179275,179512.5,336679,347441,356462,68102,False,24344.0,24300.0,22890.0,1410.0,730.0,3630.0,5105.0,13515.0,12605.0,910.0,5580.0,1525.0
MAS,Maria A. Shchuka,DL ,1745 Eglinton Ave W,(416) 394-1000,M6E 2H4,M6E,107,Oakwood-Vaughan,15,Eglinton-Lawrence ,35495,True,False,False,False,300,5802,18,89,103,1913,21,644,182,5589,76,582,341,6374,15,122,76,1268,16,570,257,7176,97,1271,33,135937,128614.5,111378.5,205793,197357.5,208021,248394,232861,249361,96601,False,35495.0,35250.0,29225.0,6030.0,3125.0,15100.0,21725.0,19390.0,17785.0,1590.0,10605.0,6165.0
OV,Oakwood Village Library and Arts Centre,NL,341 Oakwood Ave,(416) 394-1040,M6E 2W1,M6E,107,Oakwood-Vaughan ,15,Eglinton-Lawrence ,22410,False,False,False,False,221,3047,,,89,1903,,,157,3118,1,2,211,3432,,,118,2962,,,124,2575,,,10,37862.5,36975,34600,72712.5,86450,84012.5,132719,132051,133008,36083,False,22410.0,22150.0,19120.0,3035.0,1515.0,7520.0,10530.0,13465.0,12440.0,1020.0,5685.0,3595.0
FV,Fairview,DL ,35 Fairview Mall Dr,(416) 395-5750,M2J 4S4,M2J,47,Don Valley Village,33,Don Valley East ,49363,True,False,False,False,265,6887,193,6626,350,6753,22,1702,231,6360,124,1260,140,5029,85,3458,194,3708,10,481,160,4548,55,1175,55,232296.5,167960.5,0,426072,191403.5,0,805825,697775,186152,219826,False,49363.0,48980.0,38000.0,10995.0,7830.0,32635.0,33785.0,25355.0,22645.0,2715.0,15725.0,11000.0
YW,York Woods,DL,1785 Finch Ave W,(416) 395-5980,M3N 1M6,M3N,25,Glenfield-Jane Heights ,8,York West ,56263,True,False,True,True,395,13217,36,391,158,3061,8,277,181,4539,114,1334,251,9259,87,731,137,4828,11,308,121,3387,81,812,46,193859.5,185228,176806,220491.5,225982.5,208388,246340,290231,306947,105126,False,56263.0,55430.0,44615.0,10810.0,6815.0,43120.0,34250.0,25245.0,21950.0,3310.0,18655.0,15370.0
JD,Jane Dundas,NL,620 Jane St,(416) 394-1014,M6S 4A6,M6S,89,Runnymede-Bloor West Village ,13,Parkdale-High Park ,22642,False,False,False,True,51,1385,,,31,445,12,396,336,7109,2,49,61,1307,,,32,582,12,315,300,7334,4,84,19,64375,71412.5,75575,150800,158937.5,168775,274077,285210,290200,55348,False,22642.0,22535.0,21080.0,1455.0,620.0,5895.0,10340.0,12210.0,11210.0,995.0,6520.0,3320.0
WE,Weston,NL,2 King St,(416) 394-1016,M9N 1K9,M9N,113,Weston ,11,York South-Weston ,18170,False,False,True,True,82,1396,25,89,41,1043,11,89,131,2683,,,70,2448,33,166,14,288,8,134,146,3022,1,15,10,46262.5,40362.5,37487.5,89225,94875,87500,135560,137135,148627,43909,False,18170.0,17910.0,15740.0,2160.0,1080.0,10380.0,8090.0,9590.0,8625.0,955.0,5140.0,4225.0
RD,Riverdale,NL,370 Broadview Ave,(416) 393-7720,M4K 2M8,M4K,68,North Riverdale ,30,Toronto-Danforth ,14942,False,False,False,False,69,1209,158,7092,9,358,,,113,3579,,,38,1238,127,6859,22,361,10,348,131,4116,,,18,73775,74887.5,73787.5,198712.5,203900,226400,281348,306181,304089,58419,False,14942.0,14665.0,13550.0,1115.0,430.0,4570.0,5350.0,8830.0,8280.0,550.0,3355.0,1935.0
AG,Agincourt ,DL ,155 Bonis Ave,(416) 396-8943,M1T 3W6,M1T,118,Tam O'Shanter-Sullivan ,40,Scarborough-Agincourt ,60424,True,False,False,False,91,2785,72,1664,185,4434,12,1156,273,6679,146,1443,47,1743,64,1450,180,3904,11,1362,242,6371,113,1574,38,158535.5,166022.5,180671.5,397421,424457,451500,843672,934448,1053430,152189,False,60424.0,59825.0,48985.0,10835.0,6695.0,46350.0,43195.0,28835.0,25740.0,3095.0,21565.0,14025.0
ST,Steeles,NL,"375 Bamburgh Circle, C107",(416) 396-8975,M1W 3Y1,M1W,116,Steeles ,39,Scarborough-Agincourt ,25532,False,False,False,False,55,945,,,59,1069,,,34,919,22,80,23,695,,,82,1692,,,30,1033,,,7,34800,27962.5,37837.5,161987.5,145800,160537.5,267333,225130,323144,44344,False,25532.0,25075.0,20275.0,4795.0,2745.0,22420.0,21270.0,12155.0,10775.0,1350.0,9890.0,4800.0
AH,Armour Heights,NL,2140 Avenue Rd ,(416) 395-5430,M5M 4M7,M5M,39,Bedford Park-Nortown ,16,Eglinton-Lawrence,16653,False,False,False,False,10,487,,,,,,,37,748,,,7,243,,,,,,,42,934,,,4,11012.5,11800,11250,67037.5,67675,68925,198247,192068,207404,27106,False,16653.0,16515.0,14940.0,1580.0,980.0,2785.0,5845.0,8560.0,8010.0,555.0,4830.0,1850.0
WS,Woodside Square,NL,1571 Sandhurst Cir,(416) 396-8979,M1V 1V2,M1V,129,Agincourt North,41,Scarborough-Rouge River ,27413,False,False,False,False,57,1785,8,49,76,2566,,,208,5329,7,208,72,2482,40,881,64,1745,,,177,4927,2,71,21,106962.5,104775,114087.5,405225,439962.5,471800,412778,457886,520729,56896,False,27413.0,27150.0,22630.0,4520.0,2625.0,24915.0,21910.0,13595.0,12020.0,1565.0,9695.0,5295.0
GHP,Goldhawk Park,NL,295 Alton Towers Cir,(416) 396-8964,M1V 4P1,M1V,130,Milliken  ,41,Scarborough-Rouge River ,26652,False,False,False,False,87,3535,150,5269,44,1040,,,161,6286,14,78,44,1648,155,5543,96,1348,16,735,120,3759,16,43,10,49572,50442,48736,179312,202832.5,184712.5,264751,286301,309625,43326,False,26652.0,26295.0,21510.0,4795.0,2740.0,24985.0,21870.0,13530.0,12085.0,1430.0,8960.0,4950.0
LB,Long Branch,NL,3500 Lakeshore Blvd W,(416) 394-5320,M8W 1N6,M8W,19,Long Branch,6,Etobicoke-Lakeshore ,9632,False,False,False,False,81,1260,,,9,96,,,74,2172,,,83,1357,1,6,13,180,,,115,3149,,,11,25550,22362.5,26575,53775,55625,54112.5,142842,138562,135757,34309,False,9632.0,9590.0,8740.0,850.0,500.0,2005.0,3745.0,5870.0,5360.0,510.0,2405.0,1275.0
GW,Guildwood,NL,123 Guildwood Pkwy ,(416) 396-8872,M1E 4V2,M1E,140,Guildwood  ,43,Scarborough East ,26425,False,False,False,False,9,242,,,,,,,97,1482,5,11,12,437,,,7,120,,,81,1413,6,12,5,12600,12137.5,12550,45762.5,45950,51137.5,121419,124727,134737,29881,False,26425.0,25895.0,22375.0,3525.0,2105.0,13825.0,11395.0,12375.0,11010.0,1355.0,8770.0,6300.0
QS,Queen Saulter,NL,765 Queen St E,(416) 393-7723,M4M 1H3,M4M,70,South Riverdale,30,Toronto-Danforth ,2692,False,False,False,False,42,1369,,,12,389,,,406,9060,,,65,1270,,,6,98,,,357,8171,2,16,6,11100,11150,11862.5,58850,65850,70725,122194,115853,114279,21619,False,2692.0,2585.0,2485.0,100.0,40.0,635.0,770.0,1635.0,1545.0,100.0,650.0,450.0
DO,Downsview,NL,2793 Keele St,(416) 395-5720,M3M 2G3,M3M,26,Downsview-Roding-CFB,9,York Centre ,45053,False,False,True,True,207,2610,66,11792,49,948,11,546,249,4743,75,905,261,4236,78,12949,42,1303,10,603,131,3491,40,410,26,109769.5,118894,120176,174447,168732.5,153000,224968,241057,265652,82227,False,45053.0,44670.0,37875.0,6785.0,3765.0,21575.0,29045.0,22365.0,20350.0,2005.0,14685.0,8570.0
SP,Spadina Road,NL,10 Spadina Rd,(416) 393-7655,M5R 2S7,M5R,95,Annex,20,Trinity-Spadina ,9551,False,False,False,False,13,313,,,4,53,,,175,3819,,,14,443,,,7,261,,,133,2764,,,5,14812.5,13241.5,11244.5,88787.5,78683,78583,180851,161094,178496,32751,False,9551.0,9455.0,8330.0,1120.0,495.0,2505.0,3330.0,6510.0,5975.0,540.0,2240.0,2190.0
BUR,Burrows Hall,NL,1081 Progress Ave,(416) 396-8740,M1B 5Z6,M1B,132,Malvern,42,Scarborough-Rouge River,24216,False,False,False,True,6,295,,,61,924,,,117,2143,,,10,441,,,55,477,10,82,127,2952,,,9,28462.5,28275,27562.5,99100,107200,144500,178652,193594,207751,46904,False,24216.0,24030.0,20625.0,3405.0,2250.0,19790.0,14385.0,12335.0,10975.0,1370.0,7320.0,3940.0
PK,Parkdale,NL,1303 Queen St W,(416) 393-7686,M6K 1L6,M6K,85,South Parkdale,14,Parkdale-High Park ,26555,False,False,True,True,135,3634,133,10309,51,2113,103,2146,194,3235,10,154,127,4737,131,2380,147,2071,20,1059,182,4178,22,90,23,127130,133342.5,128159,430586,348589,345737.5,385299,372542,371412,73616,False,26555.0,24595.0,19765.0,4840.0,3030.0,10345.0,13155.0,14440.0,12810.0,1615.0,7165.0,7070.0
BE,Beaches,NL,2161 Queen St E,(416) 393-7703,M4L 1J1,M4L,63,The Beaches ,32,Beaches-East York,14023,False,False,False,False,91,1646,,,46,936,,,105,3488,1,11,91,2419,,,32,732,,,88,2795,,,12,48525,41962.5,46487.5,185450,186600,215212.5,356357,347392,348964,45955,False,14023.0,13870.0,13030.0,835.0,335.0,1590.0,2120.0,8695.0,8160.0,540.0,2875.0,1355.0
TRL,Toronto Reference Library,RR,789 Yonge St,(416) 395-5577,M4W 2G8,M4W,95/98,Annex/ Rosedale-Moore Park ,27,Toronto Centre-Rosedale ,2615060,True,True,False,False,102,7205,0,0,196,13843,0,0,144,14983,663,10403,104,10653,29,562,218,12066,,,111,8746,680,11472,255,901257.5,776844,818493.5,1310779,1247697,1226659,412943,386528,372810,1820279,False,False,False,False,False,False,False,False,False,False,False,False,False
ES,Eglinton Square,NL,"1 Eglinton Sq, Unit 126 ",(416) 396-8920,M1L 2K1,M1L,120,Clairlea-Birchmount,35,Scarborough Southwest ,13391,False,False,False,True,43,969,,,37,635,,,155,2220,39,72,43,830,,,27,496,,,155,2410,48,83,8,37650,37062.5,39200,202550,205025,217687.5,249279,260109,283051,38780,False,13391.0,12915.0,11340.0,1570.0,1130.0,7115.0,6495.0,7235.0,6495.0,745.0,3570.0,2380.0
TA,Taylor Memorial,NL,1440 Kingston Rd,(416) 396-8939,M1N 1R3,M1N,122,Birchcliffe-Cliffside,36,Scarborough Southwest ,16224,False,False,False,False,58,792,,,12,166,,,84,1654,6,13,50,794,,,5,68,,,98,1990,,,8,18587.5,14925,15425,41387.5,36262.5,36375,127191,133291,137367,27998,False,16224.0,15905.0,14980.0,925.0,500.0,3260.0,3770.0,8745.0,7785.0,960.0,4945.0,2620.0
SW,Swansea Memorial,NL,95 Lavinia Ave,(416) 393-7695,M6S 3H9,M6S,87,High Park-Swansea,13,Parkdale-High Park ,12776,False,False,False,False,3,305,,,,,,,35,1226,,,2,85,,,,,,,18,650,,,2,2600,2487.5,2575,17987.5,17575,19687.5,46684,44895,44401,9019,False,12776.0,12775.0,11955.0,815.0,380.0,2315.0,5210.0,7570.0,7055.0,520.0,3285.0,1385.0
MP,Mount Pleasant,NL,599 Mt. Pleasant Rd,(416) 393-7737,M4S 2M5,M4S,99,Mount Pleasant East  ,22,St. Paul's ,26998,False,False,False,False,23,296,,,12,290,,,60,1272,3,26,10,362,,,,,,,77,2576,,,2,6137.5,5612.5,5675,62862.5,63575,72362.5,152476,152317,159474,21790,False,26998.0,26420.0,23410.0,3020.0,1730.0,6670.0,9330.0,17340.0,16195.0,1140.0,5820.0,3315.0
BD,Bendale,NL,1515 Danforth Rd,(416) 396-8910,M1J 1H5,M1J,127,Bendale,38,Scarborough Centre,25528,False,False,False,True,33,975,,,38,1432,,,71,1544,4,22,50,1131,,,34,1441,,,136,3480,2,23,8,21100,20537.5,22292.5,65550,72650,72445.5,147119,161001,184484,32635,False,25528.0,24840.0,20640.0,4205.0,2685.0,16850.0,12840.0,12005.0,10450.0,1550.0,8050.0,5655.0
MI,Mimico Centennial,NL,47 Station Rd,(416) 394-5330,M8V 2R1,M8V,17,Mimico ,6,Etobicoke-Lakeshore ,26541,False,False,False,False,102,1770,50,419,31,722,11,180,150,5301,15,241,34,1990,34,219,32,538,8,132,209,5948,,,8,21475,22058,21054.5,94487.5,94434,83468,185421,169427,188067,49909,False,26541.0,26335.0,23825.0,2520.0,1570.0,6690.0,11930.0,16325.0,15120.0,1195.0,7105.0,3965.0
VV,Victoria Village,NL,184 Sloane Ave,(416) 395-5950,M4A 2C4,M4A,43,Victoria Village ,34,Don Valley East ,10922,False,False,True,True,17,447,,,5,92,,,116,2498,1,7,17,457,,,4,134,,,127,2278,,,6,12950,14637.5,13675,32275,37750,41950,106014,104944,117074,27180,False,10922.0,10600.0,9155.0,1440.0,920.0,6110.0,6255.0,5255.0,4580.0,665.0,3780.0,2610.0
MAL,Malvern,DL ,30 Sewells Rd,(416) 396-8969,M1B 3G5,M1B,132,Malvern,42,Scarborough-Rouge River ,65040,True,False,False,False,301,9971,40,3014,186,3250,12,1349,282,6852,61,590,251,4994,82,3184,195,2506,12,1431,343,6928,108,974,40,170306.5,175932,181120,362833,347883.45,385150,404133,442761,507636,132514,False,65040.0,64800.0,56970.0,7835.0,4435.0,58335.0,38095.0,32980.0,28895.0,4090.0,18245.0,12620.0
GE,Gerrard Ashdale,NL,1432 Gerrard St E,(416) 393-7717,M4L 1Z6,M4L,65,Greenwood-Coxwell  ,30,Toronto-Danforth ,17776,False,False,False,False,121,1122,50,214,44,626,10,124,119,2877,6,28,120,1405,30,173,58,374,10,158,109,2387,3,26,7,25862.5,23425,21887.5,94525,95775,99125,183970,182103,194083,40826,False,17776.0,17715.0,16460.0,1250.0,670.0,6250.0,5960.0,10175.0,9220.0,950.0,4550.0,3180.0
DU,Dufferin St. Clair,NL,1625 Dufferin St,(416) 393-7712,M6H 3L9,M6H,93,Dovercourt-Wallace Emerson-Junction,17,Davenport ,16073,False,False,False,False,61,805,,,49,886,12,64,147,4236,10,152,42,878,,,44,686,11,97,148,3996,7,296,20,54700,59312.5,63350,105000,106787.5,121687.5,151261,146068,151379,38638,False,16073.0,16030.0,13840.0,2185.0,820.0,4935.0,10015.0,9165.0,8305.0,855.0,4715.0,2470.0
EB,Elmbrook Park,NL,2 Elmbrook Cr,(416) 394-5290,M9C 5B4,M9C,11,Eringate-Centennial-West Deane,3,Etobicoke Centre ,25361,False,False,False,False,59,960,,,3,126,,,153,3384,,,11,191,,,2,64,3,67,128,2203,,,3,6850,6537.5,7575,45000,49750,55800,158219,167238,184184,29311,False,25361.0,25120.0,23365.0,1745.0,1055.0,7995.0,13245.0,12935.0,11950.0,990.0,8430.0,3280.0
SC,Scarborough Civic Centre,NL,150 Borough Dr,(416) 396-3599,M1P 4N7,M1P,127,Bendale,38,Scarborough - Centre,33371,False,True,False,True,28,432,,,22,258,,,86,2201,80,1202,,,,,,,,,,,,,18,27325,0,,83037.5,0,,149189,,,28527,False,33371.0,32885.0,26605.0,6280.0,3805.0,23875.0,21800.0,16635.0,14720.0,1925.0,11015.0,7840.0
NT,New Toronto,NL,110 Eleventh St,(416) 394-5350,M8V 3G5,M8V,18,New Toronto  ,6,Etobicoke-Lakeshore ,10900,False,False,False,False,38,907,,,85,1629,12,198,59,1459,,,18,682,,,5,184,9,124,55,1659,,,7,22852.5,23048.5,22371.5,73324,91293,88600,129918,127543,136741,40747,False,10900.0,10675.0,9740.0,935.0,475.0,3265.0,3955.0,5880.0,5360.0,520.0,3315.0,2605.0
CH,City Hall,NL,100 Queen St W,(416) 393-7650,M5H 2N3,M5H,76,Bay Street Corridor,27,Toronto Centre-Rosedale,25943,False,False,False,False,7,355,,,9,278,,,114,3182,1,9,2,153,,,9,188,,,55,1330,,,8,29787.5,29987.5,31225,197250,201287.5,219212.5,342516,360425,381890,32425,False,25943.0,24615.0,19595.0,5015.0,1975.0,12875.0,13125.0,16230.0,14875.0,1355.0,6910.0,7065.0
SA,Sanderson,NL,327 Bathurst St,(416) 393-7653,M5T 1J1,M5T,78,Kensington-Chinatown ,20,Trinity-Spadina ,29948,False,False,False,False,68,1422,28,128,18,288,24,2004,68,1605,13,1111,65,1461,31,195,48,1883,30,2070,82,2349,,,13,67425,66100,69387.5,250775,268350,290300,235400,264573,292200,49387,False,29948.0,29440.0,26095.0,3345.0,1770.0,11345.0,13210.0,21225.0,19950.0,1265.0,5790.0,5150.0
PU,Port Union,NL,5450 Lawrence Ave E,(416) 396-8885,M1C 3B2,M1C,133,Centennial Scarborough ,44,Scarborough East ,22419,False,False,False,False,105,1263,,,23,612,,,123,2596,,,123,1697,,,3,86,,,122,2325,,,6,16450,18087.5,16875,107850,117025,127775,227324,231040,250018,35979,False,22419.0,22210.0,20960.0,1260.0,630.0,8775.0,6955.0,12845.0,11845.0,1005.0,5840.0,1430.0
FH,Forest Hill,NL,700 Eglinton Ave W,(416) 393-7706,M5N 1B9,M5N,102,Forest Hill North,21,St. Paul's ,24387,False,False,False,False,27,736,,,20,901,,,159,5015,3,137,10,316,,,20,384,,,138,4165,4,17,6,21600,20287.5,19987.5,101125,93575,90187.5,198480,205273,215971,45130,False,24387.0,24090.0,21200.0,2885.0,1705.0,4505.0,8805.0,13955.0,12790.0,1160.0,6325.0,2730.0
HB,Humber Bay,NL,200 Park Lawn Rd,(416) 394-5300,M8Y 3J1,M8Y,16,Stonegate-Queensway,5,Etobicoke-Lakeshore ,17841,False,False,False,False,,,,,,,,,13,449,,,4,87,,,,,,,14,419,,,3,8725,8900,8675,51825,66262.5,53537.5,172226,181224,185845,23857,False,17841.0,17685.0,15545.0,2140.0,1385.0,3175.0,8490.0,10115.0,9265.0,845.0,4830.0,2440.0
PL,Parliament Street,NL,269 Gerrard St E,(416) 393-7663,M5A 2G6,M5A,73,Moss Park,28,Toronto Centre-Rosedale ,35152,False,False,False,True,101,1949,28,184,87,1230,11,342,273,4389,5,46,80,1635,53,419,102,1542,12,534,234,3745,,,11,68269,68339,69688,245031,198529.5,208062.5,240075,238983,257039,58895,False,35152.0,32320.0,28675.0,3640.0,2275.0,16715.0,15255.0,18770.0,16955.0,1815.0,9190.0,9960.0
JS,Jane Sheppard,NL,1906 Sheppard Ave West,(416) 395-5966,M3L 1Y7,M3L,25,Glenfield-Jane Heights ,9,York Centre ,18033,False,False,True,True,107,1700,,,71,855,12,133,87,1554,1,50,85,1427,17,146,54,831,10,177,118,1850,14,24,11,48325,48762.5,48987.5,103250,94250,115425,120388,128740,140002,33896,False,18033.0,17950.0,15360.0,2595.0,1240.0,11970.0,12340.0,7625.0,6705.0,925.0,6900.0,3780.0
DP,Deer Park,NL,40 St. Clair Ave E,(416) 393-7657,M4T 1M9,M4T,98,Rosedale-Moore Park,22,St. Paul's ,29267,False,False,False,False,40,2009,,,25,1141,,,132,3161,,,30,1401,,,10,349,3,36,130,2906,1,6,12,60137.5,54987.5,52062.5,247425,275812.5,225187.5,421451,409681,407306,72613,False,29267.0,28905.0,26575.0,2340.0,1150.0,3645.0,7235.0,17030.0,15915.0,1125.0,8585.0,2635.0
EA,Eatonville,NL,430 Burnhamthorpe Rd,(416) 394-5270,M9B 2B1,M9B,14,Islington-City Centre West,5,Etobicoke-Lakeshore ,35778,False,False,False,False,200,2525,3,16,124,2984,11,663,214,4280,6,101,195,3118,23,181,119,2956,10,407,212,5309,33,79,11,46632.5,47626,43594,226511.5,223854,214192.5,517719,511745,481519,68977,False,35778.0,35060.0,31965.0,3105.0,2065.0,9015.0,17585.0,19280.0,17620.0,1660.0,10535.0,4260.0
JO,Jones,NL,118 Jones Ave,(416) 393-7715,M4M 2Z9,M4M,70,South Riverdale,30,Toronto-Danforth ,13704,False,False,False,False,123,2887,,,33,674,,,183,5142,5,34,83,1805,,,28,362,,,145,3795,3,7,8,25887.5,28862.5,28675,75850,80275,75250,177360,178808,185842,29724,False,13704.0,13115.0,12110.0,1005.0,615.0,5545.0,5335.0,7895.0,7305.0,585.0,3390.0,2290.0
MRV,Maryvale,NL,85 Ellesmere Rd ,(416) 396-8931,M1R 4B9,M1R,119,Wexford-Maryvale ,37,Scarborough Centre ,15962,False,False,False,False,33,641,,,18,458,,,98,1738,2,28,22,685,,,13,215,,,92,1744,4,4,8,32937.5,30650,30712.5,167575,151875,150787.5,224525,239917,258596,49899,False,15962.0,15670.0,14130.0,1540.0,825.0,7335.0,8120.0,8120.0,7415.0,700.0,5130.0,1985.0
LE,Leaside,NL,165 McRae Dr,(416) 396-3835,M4G 1S8,M4G,56,Leaside-Bennington ,26,Don Valley West ,21058,False,False,False,False,72,968,,,59,2054,,,158,5327,3,35,22,639,,,70,2143,,,144,3788,2,16,11,25912.5,23925,27025,147050,144900,160862.5,365509,362819,364969,55091,False,21058.0,20435.0,19390.0,1040.0,530.0,2655.0,3735.0,10675.0,9850.0,825.0,5630.0,1435.0
WY,Wychwood,NL,1431 Bathurst St,(416) 393-7683,M5R 3J2,M5R,96,Casa Loma ,21,St. Paul's ,14681,False,False,False,False,16,569,,,10,270,,,291,9009,,,5,199,,,6,200,,,222,6744,,,9,37262.5,37747,43200,116525,105899.5,114612.5,235971,208312,239247,39892,False,14681.0,14080.0,12770.0,1300.0,660.0,2825.0,4430.0,8765.0,8125.0,640.0,3580.0,1720.0
DA,Danforth Coxwell,NL,1675 Danforth Ave,(416) 393-7783,M4C 5P2,M4C,64,Woodbine Corridor,32,Beaches-East York ,14641,False,False,False,False,56,1569,92,997,90,2551,,,157,5014,2,110,63,2086,87,573,52,1419,,,127,4539,2,19,7,37125,38850,39137.5,158112.5,146012.5,158187.5,296571,306457,319308,46286,False,14641.0,14460.0,13010.0,1450.0,710.0,5645.0,5545.0,8445.0,7835.0,620.0,3570.0,2610.0
CS,College Shaw,NL,766 College St,(416) 393-7668,M6G 1C4,M6G,80,Palmerston-Little Italy ,19,Trinity-Spadina,24182,False,False,False,False,14,592,,,41,850,,,33,574,1,25,19,1018,5,23,25,240,,,57,1168,,,7,21187.5,21662.5,21562.5,123950,112412.5,112175,194055,194304,214116,30051,False,24182.0,23890.0,21570.0,2315.0,765.0,5945.0,12515.0,14860.0,13890.0,970.0,6820.0,3555.0
SI,St. Clair Silverthorn,NL,1748 St. Clair Ave W,(416) 393-7709,M6N 1J3,M6N,91,Weston-Pellam Park,17,Davenport ,18513,False,False,True,True,24,352,,,10,119,,,159,2347,,,31,536,,,6,14,,,162,2607,12,15,5,13925,14225,14225,29787.5,31187.5,31100,58560,58719,61402,15452,False,18513.0,18355.0,15535.0,2815.0,1100.0,7750.0,12375.0,10070.0,8990.0,1075.0,5315.0,3320.0
DR,Dawes Road,NL,416 Dawes Rd ,(416) 396-3820,M4B 2E8,M4B,54,O'Connor-Parkview,31,Beaches-East York ,29895,False,False,False,True,25,759,30,1564,37,723,12,137,84,1267,13,282,29,680,36,1783,15,165,10,135,106,2206,,,13,43475,49650,49087.5,114925,121325,123462.5,205651,207658,235319,51646,False,29895.0,29515.0,23995.0,5530.0,4240.0,15085.0,15360.0,15355.0,13345.0,2000.0,8665.0,8500.0
ACD,Albert Campbell ,DL,496 Birchmount Rd,(416) 396-8890,M1K 1N8,M1K,120,Clairlea-Birchmount ,35,Scarborough-Southwest,49530,True,False,False,True,76,1697,17,179,86,1157,12,424,264,6487,87,894,86,1878,27,170,124,2890,10,662,265,5570,77,578,31,145983.5,149897.5,133591,277118,285428,222012,380452,398024,420341,103106,False,49530.0,48830.0,42030.0,6795.0,5485.0,28795.0,25695.0,24440.0,21385.0,3055.0,15070.0,13875.0
BC,Black Creek,NL,"1700 Wilson Ave, Unit 63-64",(416) 395-5470,M3L 1B2,M3L,26,Downsview-Roding-CFB,7,York West,15691,False,False,True,True,111,3406,43,191,7,182,,,77,2821,1,17,15,522,37,238,39,753,,,78,4897,1,16,6,24412.5,24600,21560,89425,91962.5,82712.5,109587,114512,110368,33860,False,15691.0,15595.0,12985.0,2610.0,1510.0,8980.0,9060.0,7995.0,6990.0,1000.0,4700.0,3005.0
MD,Mount Dennis,NL,1123 Weston Rd,(416) 394-1008,M6N 3S3,M6N,115,Mount Dennis ,11,York South-Weston ,27249,False,False,True,True,71,1840,36,137,70,1435,11,219,89,1547,7,100,72,1636,45,317,116,2801,12,192,123,1880,8,24,20,55912.5,64537.5,44575,80587.5,82625,57387.5,111864,114802,105129,40307,False,27249.0,26865.0,22665.0,4205.0,2235.0,16680.0,15880.0,13645.0,11885.0,1750.0,8105.0,7105.0
BB,Brookbanks,NL,210 Brookbanks Dr,(416) 395-5480,M3A 2T8,M3A,45,Parkwoods-Donalda,34,Don Valley East,34617,False,False,False,False,76,786,,,21,509,,,70,1297,,,67,877,15,287,20,289,,,94,1844,1,1,9,19700,26262.5,22950,75937.5,93375,60825,179265,191767,203292,44408,False,34617.0,34560.0,28770.0,5785.0,3905.0,17710.0,18280.0,18490.0,16420.0,2065.0,9970.0,6940.0
MA,Main Street,NL,137 Main St,(416) 393-7700,M4E 2V9,M4E,62,East End-Danforth,32,Beaches-East York ,20047,False,False,False,False,66,782,,,22,254,,,120,3346,1,27,89,1197,,,15,199,,,125,2986,,,9,35975,38512.5,39547.5,116262.5,123450,107345.5,256372,252997,254725,41440,False,20047.0,19735.0,18430.0,1290.0,565.0,2850.0,3430.0,11805.0,10985.0,820.0,4295.0,2140.0
NYCL,North York Central,RR,5120 Yonge St,(416) 395-5535,M2N 5N9,M2N,38/51,Lansing-Westgate/ Willowdale East,23,Willowdale ,85775,True,False,False,False,204,12023,234,20808,355,11277,10,739,408,24424,504,10951,268,13019,241,23419,201,7261,58,1431,498,25869,653,16688,145,477283,496202,545403,1538044,1561767,1690775,1571479,1612696,1735943,654383,False,85775.0,84975.0,65405.0,19575.0,12250.0,51975.0,61235.0,44880.0,41045.0,3825.0,30305.0,21190.0
CE,Centennial,NL,578 Finch Ave W,(416) 395-5490,M2R 1N7,M2R,35,Westminster-Branson,10,York Centre,45693,False,False,False,False,94,1454,188,1875,150,2293,138,1616,83,4000,,,77,1196,217,2335,250,3667,,,116,4188,,,7,27187.5,26025,29350,118612.5,125612.5,138425,291551,311704,349505,43266,False,45693.0,45110.0,35025.0,10065.0,7620.0,14745.0,33135.0,24065.0,21955.0,2110.0,14630.0,10645.0
LHS,Lillian H. Smith,DL ,239 College St,(416) 393-7746,M5T 1R5,M5T,78,Kensington-Chinatown ,20,Trinity-Spadina ,14284,True,False,False,False,137,3056,4,54,141,2692,,,221,4644,31,498,50,1411,19,349,116,2487,,,213,4155,4,162,35,176522,183538.5,189214.5,317779.5,352151,354887.5,392895,431178,495308,107182,False,14284.0,12655.0,10200.0,2460.0,845.0,6270.0,6865.0,7770.0,6895.0,880.0,4065.0,3635.0
SWS,S. Walter Stewart,DL ,170 Memorial Park Ave,(416) 396-3975,M4J 2K5,M4J,59,Danforth Village - East York,29,Toronto-Danforth ,29019,True,False,False,False,106,3759,,,28,912,,,268,10076,36,386,103,4188,,,69,2048,9,97,229,7742,53,608,42,138960,137354,147925,244872.5,254469.5,262125,415562,425361,453121,96127,False,29019.0,28925.0,27355.0,1580.0,625.0,7810.0,11655.0,16415.0,15220.0,1195.0,7990.0,3680.0
BL,Bloor Gladstone,DL ,1101 Bloor St W,(416) 393-7674,M6H 1M7,M6H,83,Dufferin Grove ,18,Davenport,37035,True,False,False,False,109,2864,,,57,1620,12,471,223,5125,45,738,112,3000,2,50,65,1420,11,338,257,7439,18,163,39,179858.5,174628.5,171159.5,362150,355250,367025,446446,442201,477286,78297,False,37035.0,36670.0,31935.0,4735.0,1985.0,11890.0,20885.0,22605.0,20910.0,1690.0,9685.0,6820.0
CED,Cedarbrae,DL ,545 Markham Rd,(416) 396-8850,M1H 2A1,M1H,137,Woburn,43,Scarborough East,43515,True,False,True,True,141,3360,54,2193,131,4621,32,1920,243,6531,70,848,87,2023,70,1882,155,4754,5,367,189,5243,61,950,67,243984,258187.5,260191,352780,366123,405262.5,522254,584174,659795,123731,False,43515.0,43165.0,36750.0,6415.0,4465.0,30525.0,24255.0,19965.0,17340.0,2615.0,14480.0,9875.0
AD,Alderwood,NL,2 Orianna Dr,(416) 394-5310,M8W 4Y1,M8W,20,Alderwood,6,Etobicoke Lakeshore,11904,False,False,False,False,12,170,,,25,448,,,329,7267,1,45,20,630,,,3,38,,,181,3871,,,7,16700,16500,16237.5,101250,102875,96087.5,169022,176590,178588,42220,False,11904.0,11870.0,11200.0,660.0,370.0,1955.0,4975.0,6740.0,6240.0,500.0,3475.0,1115.0
